{"FN": 24469, "FP": 1717, "TN": 371105, "TP": 30227, "best-f1": 0.6977561941661214, "best_valid_loss": -63.10774401026591, "latency": 61.85162277176751, "pot-FN": 24202, "pot-FP": 2492, "pot-TN": 370330, "pot-TP": 30494, "pot-f1": 0.6955542580662789, "pot-latency": 43.10329964379433, "pot-precision": 0.9244527978765376, "pot-recall": 0.5575179171132225, "pot-threshold": -53.566888881297835, "precision": 0.9462496866559449, "pred_time": 0.33947811214815954, "pred_total_time": 2904.5807979106903, "recall": 0.552636390128595, "threshold": -81.0, "train_time": 5026.14346306324, "valid_time": 0.2730241214250224}