{"FN": 75.0, "FP": 41.0, "TN": 23012.0, "TP": 467.0, "best-f1": 0.8895187978511753, "best_valid_loss": -57.99705121698827, "latency": 11.374857814277322, "pot-FN": 72.0, "pot-FP": 65.0, "pot-TN": 22988.0, "pot-TP": 470.0, "pot-f1": 0.8727897844033746, "pot-latency": 3.7777358029355232, "pot-precision": 0.8785046564765485, "pot-recall": 0.8671586555874787, "pot-threshold": -153.8021391628792, "precision": 0.9192913204863914, "pred_time": 0.3149811393123562, "pred_total_time": 148.7290849685669, "recall": 0.8616236003390481, "threshold": -233.0, "train_time": 261.5545172214508, "valid_time": 0.26700109607995826}