{"FN": 0.0, "FP": 85.0, "TN": 22968.0, "TP": 542.0, "best-f1": 0.9272832911786985, "best_valid_loss": -60.94532989703872, "latency": 9.09990900090999, "pot-FN": 72.0, "pot-FP": 76.0, "pot-TN": 22977.0, "pot-TP": 470.0, "pot-f1": 0.8639655724499995, "pot-latency": 3.7777358029355232, "pot-precision": 0.860805845040186, "pot-recall": 0.8671586555874787, "pot-threshold": -154.22636984539395, "precision": 0.86443379801541, "pred_time": 1.0200966010659427, "pred_total_time": 481.6685426235199, "recall": 0.9999999815498158, "threshold": -147.0, "train_time": 681.3929198265075, "valid_time": 0.6402563351265927}