{"FN": 72.0, "FP": 35.0, "TN": 23018.0, "TP": 470.0, "best-f1": 0.8977982364954572, "best_valid_loss": -52.51992426018586, "latency": 3.7777358029355232, "pot-FN": 72.0, "pot-FP": 111.0, "pot-TN": 22942.0, "pot-TP": 470.0, "pot-f1": 0.8370386242783848, "pot-latency": 3.7777358029355232, "pot-precision": 0.8089500721351107, "pot-recall": 0.8671586555874787, "pot-threshold": -167.8188611195036, "precision": 0.9306930508773654, "pred_time": 0.8581984745243848, "pred_total_time": 405.2416133880615, "recall": 0.8671586555874787, "threshold": -399.0, "train_time": 718.3271047115326, "valid_time": 0.6853662403234353}