{"FN": 1132, "FP": 597, "TN": 65267, "TP": 6634, "best-f1": 0.8847052805998475, "best_valid_loss": -147.18689051330088, "latency": 83.4579855917267, "pot-FN": 1132, "pot-FP": 767, "pot-TN": 65097, "pot-TP": 6634, "pot-f1": 0.8747889623430095, "pot-latency": 74.99968750130208, "pot-precision": 0.8963653548218277, "pot-recall": 0.8542364140429611, "pot-threshold": -15.113433124321773, "precision": 0.9174388038757588, "pred_time": 0.3086427965701557, "pred_total_time": 455.0181727409363, "recall": 0.8542364140429611, "threshold": -79.0, "train_time": 1082.8436546087264, "valid_time": 0.26033762555368}