{"FN": 1132, "FP": 539, "TN": 65325, "TP": 6634, "best-f1": 0.8881401302196427, "best_valid_loss": -197.31325723977443, "latency": 85.99964166815971, "pot-FN": 1051, "pot-FP": 767, "pot-TN": 65097, "pot-TP": 6715, "pot-f1": 0.8807662492959819, "pot-latency": 72.23971104115584, "pot-precision": 0.8974873016606693, "pot-recall": 0.8646664938647096, "pot-threshold": -25.226406464415582, "precision": 0.9248571017358747, "pred_time": 0.8468617238888348, "pred_total_time": 1248.2527749538422, "recall": 0.8542364140429611, "threshold": -96.0, "train_time": 2736.9998869419096, "valid_time": 0.6364116367759883}