{"FN": 72.0, "FP": 29.0, "TN": 23024.0, "TP": 470.0, "best-f1": 0.9029728970701715, "best_valid_loss": -70.23871212178075, "latency": 3.7777358029355232, "pot-FN": 72.0, "pot-FP": 104.0, "pot-TN": 22949.0, "pot-TP": 470.0, "pot-f1": 0.8422888958557391, "pot-latency": 3.7777358029355232, "pot-precision": 0.8188153167453778, "pot-recall": 0.8671586555874787, "pot-threshold": -120.74578915569074, "precision": 0.9418837486596444, "pred_time": 0.39528003941148016, "pred_total_time": 186.6347301006317, "recall": 0.8671586555874787, "threshold": -318.0, "train_time": 273.2473870038986, "valid_time": 0.2795183806026236}