{"FN": 0.0, "FP": 136.0, "TN": 22917.0, "TP": 542.0, "best-f1": 0.8885196377592322, "best_valid_loss": -65.37000407232401, "latency": 9.09990900090999, "pot-FN": 72.0, "pot-FP": 96.0, "pot-TN": 22957.0, "pot-TP": 470.0, "pot-f1": 0.8483704383252607, "pot-latency": 3.7777358029355232, "pot-precision": 0.8303886779083273, "pot-recall": 0.8671586555874787, "pot-threshold": -167.96471323872112, "precision": 0.7994100177078168, "pred_time": 0.35600050223075735, "pred_total_time": 168.07629466056824, "recall": 0.9999999815498158, "threshold": -106.0, "train_time": 264.5917090654373, "valid_time": 0.27332753793778997}