{"FN": 7.0, "FP": 1.0, "TN": 25685.0, "TP": 2687.0, "best-f1": 0.9985085600516392, "best_valid_loss": -57.430289481641665, "latency": 108.59782804343914, "pot-FN": 0.0, "pot-FP": 237.0, "pot-TN": 25449.0, "pot-TP": 2694.0, "pot-f1": 0.9578616721630142, "pot-latency": 3.74995312558593, "pot-precision": 0.9191402220431927, "pot-recall": 0.9999999962880475, "pot-threshold": -23.84786871234563, "precision": 0.999627972471622, "pred_time": 0.3746703712033554, "pred_total_time": 212.93696284294128, "recall": 0.9974016295567868, "threshold": -399.0, "train_time": 437.3810481548309, "valid_time": 0.33386849796368673}