{"FN": 1096, "FP": 644, "TN": 65220, "TP": 6670, "best-f1": 0.8846103879624105, "best_valid_loss": -143.5433774493323, "latency": 72.11971152115392, "pot-FN": 1096, "pot-FP": 773, "pot-TN": 65091, "pot-TP": 6670, "pot-f1": 0.8771072373061543, "pot-latency": 72.11971152115392, "pot-precision": 0.8961440267417117, "pot-recall": 0.8588720050748494, "pot-threshold": -7.811414723514435, "precision": 0.9119496842877363, "pred_time": 0.34176047044146735, "pred_total_time": 503.8467538356781, "recall": 0.8588720050748494, "threshold": -21.0, "train_time": 1093.878024172783, "valid_time": 0.2646803133822983}