{"FN": 72.0, "FP": 28.0, "TN": 23025.0, "TP": 470.0, "best-f1": 0.9038411454417618, "best_valid_loss": -53.73534738954556, "latency": 3.7777358029355232, "pot-FN": 72.0, "pot-FP": 94.0, "pot-TN": 22959.0, "pot-TP": 470.0, "pot-f1": 0.8499045707254798, "pot-latency": 3.7777358029355232, "pot-precision": 0.8333333185579199, "pot-recall": 0.8671586555874787, "pot-threshold": -161.3219907099768, "precision": 0.9437750814502996, "pred_time": 0.38480271575814584, "pred_total_time": 181.71421337127686, "recall": 0.8671586555874787, "threshold": -384.0, "train_time": 297.4288678646088, "valid_time": 0.3092362432615131}