{"FN": 113.0, "FP": 13.0, "TN": 22774.0, "TP": 704.0, "best-f1": 0.9178568085258897, "best_valid_loss": 84.71489533574143, "latency": 19.374757815527307, "pot-FN": 102.0, "pot-FP": 362.0, "pot-TN": 22425.0, "pot-TP": 715.0, "pot-f1": 0.7550109257752593, "pot-latency": 10.110998766680371, "pot-precision": 0.6638811451821621, "pot-recall": 0.8751529880642229, "pot-threshold": -196.40430862167756, "precision": 0.9818688844927631, "pred_time": 0.31168838384035524, "pred_total_time": 147.48076105117798, "recall": 0.861689095940158, "threshold": -399.0, "train_time": 319.55450584888456, "valid_time": 0.31830703213493877}