{"FN": 72.0, "FP": 36.0, "TN": 23017.0, "TP": 470.0, "best-f1": 0.8969415536960077, "best_valid_loss": -71.63612599576277, "latency": 3.7777358029355232, "pot-FN": 72.0, "pot-FP": 116.0, "pot-TN": 22937.0, "pot-TP": 470.0, "pot-f1": 0.8333283261955945, "pot-latency": 3.7777358029355232, "pot-precision": 0.8020477678831439, "pot-recall": 0.8671586555874787, "pot-threshold": -167.8692336833011, "precision": 0.9288537365839183, "pred_time": 0.293323441582211, "pred_total_time": 138.48766708374023, "recall": 0.8671586555874787, "threshold": -399.0, "train_time": 253.5601194858551, "valid_time": 0.2523103764822297}