{"FN": 1132, "FP": 589, "TN": 65275, "TP": 6634, "best-f1": 0.8851774725514507, "best_valid_loss": -155.69342368321753, "latency": 91.83295069603876, "pot-FN": 1096, "pot-FP": 739, "pot-TN": 65125, "pot-TP": 6670, "pot-f1": 0.8790724316206004, "pot-latency": 72.11971152115392, "pot-precision": 0.9002564436492693, "pot-recall": 0.8588720050748494, "pot-threshold": -13.51259111808658, "precision": 0.9184549343507478, "pred_time": 0.35446658623275185, "pred_total_time": 522.5579905509949, "recall": 0.8542364140429611, "threshold": -88.0, "train_time": 1098.3914346694946, "valid_time": 0.26440201759575205}